,Metric,basin_08196000
0,NSE (mean),0.3780317902565002
1,KGE (mean),0.2346417106817047
2,MSE (mean),0.9765075445175172
3,NSE (median),0.3780317902565002
4,KGE (median),0.2346417106817047
5,MSE (median),0.9765075445175172
