,Metric,basin_12048000
0,NSE (mean),-0.6987310647964478
1,KGE (mean),0.1224617276253258
2,MSE (mean),5.547820568084717
3,NSE (median),-0.6987310647964478
4,KGE (median),0.1224617276253258
5,MSE (median),5.547820568084717
