,Metric,basin_05120500
0,NSE (mean),0.4057362079620361
1,KGE (mean),0.5270019710517688
2,MSE (mean),0.005000427365303
3,NSE (median),0.4057362079620361
4,KGE (median),0.5270019710517688
5,MSE (median),0.005000427365303
