,Metric,basin_09505800
0,NSE (mean),0.6710798442363739
1,KGE (mean),0.5915177128639011
2,MSE (mean),0.1779994517564773
3,NSE (median),0.6710798442363739
4,KGE (median),0.5915177128639011
5,MSE (median),0.1779994517564773
