,Metric,basin_01123000
0,NSE (mean),0.7993218451738358
1,KGE (mean),0.8597717477593407
2,MSE (mean),1.397917628288269
3,NSE (median),0.7993218451738358
4,KGE (median),0.8597717477593407
5,MSE (median),1.397917628288269
