,Metric,basin_02140991
0,NSE (mean),0.8598407059907913
1,KGE (mean),0.7547815906208095
2,MSE (mean),0.3471035361289978
3,NSE (median),0.8598407059907913
4,KGE (median),0.7547815906208095
5,MSE (median),0.3471035361289978
