,Metric,basin_04221000
0,NSE (mean),0.8611864298582077
1,KGE (mean),0.903442875065528
2,MSE (mean),0.4573740661144256
3,NSE (median),0.8611864298582077
4,KGE (median),0.903442875065528
5,MSE (median),0.4573740661144256
