,Metric,basin_02051500
0,NSE (mean),0.8238479793071747
1,KGE (mean),0.6799444891073856
2,MSE (mean),0.4821789562702179
3,NSE (median),0.8238479793071747
4,KGE (median),0.6799444891073856
5,MSE (median),0.4821789562702179
