,Metric,basin_08158810
0,NSE (mean),0.3505678176879883
1,KGE (mean),0.2899400295517176
2,MSE (mean),3.799649000167847
3,NSE (median),0.3505678176879883
4,KGE (median),0.2899400295517176
5,MSE (median),3.799649000167847
