,Metric,basin_13018300
0,NSE (mean),0.923735536634922
1,KGE (mean),0.8397337058917206
2,MSE (mean),0.1760906726121902
3,NSE (median),0.923735536634922
4,KGE (median),0.8397337058917206
5,MSE (median),0.1760906726121902
