,Metric,basin_14185900
0,NSE (mean),0.8781939744949341
1,KGE (mean),0.8640417907736374
2,MSE (mean),9.95582103729248
3,NSE (median),0.8781939744949341
4,KGE (median),0.8640417907736374
5,MSE (median),9.95582103729248
