,Metric,basin_02016000
0,NSE (mean),0.8971463441848755
1,KGE (mean),0.7985429958222501
2,MSE (mean),0.5688571929931641
3,NSE (median),0.8971463441848755
4,KGE (median),0.7985429958222501
5,MSE (median),0.5688571929931641
