,Metric,basin_04115265
0,NSE (mean),0.3033382296562195
1,KGE (mean),0.3882328511452967
2,MSE (mean),0.2616248726844787
3,NSE (median),0.3033382296562195
4,KGE (median),0.3882328511452967
5,MSE (median),0.2616248726844787
