,Metric,basin_12447390
0,NSE (mean),0.7127453684806824
1,KGE (mean),0.7125418662012242
2,MSE (mean),1.5869745016098022
3,NSE (median),0.7127453684806824
4,KGE (median),0.7125418662012242
5,MSE (median),1.5869745016098022
