,Metric,basin_05454000
0,NSE (mean),0.6409927904605865
1,KGE (mean),0.6106586963630423
2,MSE (mean),1.7417855262756348
3,NSE (median),0.6409927904605865
4,KGE (median),0.6106586963630423
5,MSE (median),1.7417855262756348
