,Metric,basin_14216500
0,NSE (mean),0.8824121057987213
1,KGE (mean),0.8184106277983596
2,MSE (mean),3.5921144485473637
3,NSE (median),0.8824121057987213
4,KGE (median),0.8184106277983596
5,MSE (median),3.5921144485473637
