,Metric,basin_12041200
0,NSE (mean),0.7741373479366302
1,KGE (mean),0.7443828062502018
2,MSE (mean),19.713586807250977
3,NSE (median),0.7741373479366302
4,KGE (median),0.7443828062502018
5,MSE (median),19.713586807250977
