,Metric,basin_07346045
0,NSE (mean),0.7637717723846436
1,KGE (mean),0.8304969705400272
2,MSE (mean),0.4959271252155304
3,NSE (median),0.7637717723846436
4,KGE (median),0.8304969705400272
5,MSE (median),0.4959271252155304
