,Metric,basin_05508805
0,NSE (mean),0.7621013522148132
1,KGE (mean),0.7564690372982602
2,MSE (mean),2.850168943405152
3,NSE (median),0.7621013522148132
4,KGE (median),0.7564690372982602
5,MSE (median),2.850168943405152
