,Metric,basin_01484100
0,NSE (mean),0.8072079718112946
1,KGE (mean),0.8034549886711341
2,MSE (mean),0.2602744102478027
3,NSE (median),0.8072079718112946
4,KGE (median),0.8034549886711341
5,MSE (median),0.2602744102478027
