,Metric,sota_20,basin_01644000
0,NSE (mean),0.8096593916416168,0.8051979541778564
1,KGE (mean),0.8283041023841536,0.7907637487234863
2,MSE (mean),0.5090435743331909,0.5209752321243286
3,NSE (median),0.8096593916416168,0.8051979541778564
4,KGE (median),0.8283041023841536,0.7907637487234863
5,MSE (median),0.5090435743331909,0.5209752321243286
