,Metric,basin_03049800
0,NSE (mean),0.3224022388458252
1,KGE (mean),0.5065622766535895
2,MSE (mean),3.683320045471192
3,NSE (median),0.3224022388458252
4,KGE (median),0.5065622766535895
5,MSE (median),3.683320045471192
