,Metric,basin_14166500
0,NSE (mean),0.9339199587702752
1,KGE (mean),0.8748053059477304
2,MSE (mean),0.7855054140090942
3,NSE (median),0.9339199587702752
4,KGE (median),0.8748053059477304
5,MSE (median),0.7855054140090942
