,Metric,basin_03338780
0,NSE (mean),0.7212055921554565
1,KGE (mean),0.5354442205439243
2,MSE (mean),0.3645763099193573
3,NSE (median),0.7212055921554565
4,KGE (median),0.5354442205439243
5,MSE (median),0.3645763099193573
